filepath,url
images/style_01.jpg,https://d8j0ntlcm91z4.cloudfront.net/user_3ELPtiCxHy4a1ssI2Bvj87bkDcZ/hf_20260612_112120_144dc51e-f288-45c6-ae34-ceaa7577a7c3.png
images/style_02.jpg,https://d8j0ntlcm91z4.cloudfront.net/user_3ELPtiCxHy4a1ssI2Bvj87bkDcZ/hf_20260612_112131_e2dee6d5-975a-4149-9cca-df0db83b203b.png
images/style_03.jpg,https://d8j0ntlcm91z4.cloudfront.net/user_3ELPtiCxHy4a1ssI2Bvj87bkDcZ/hf_20260612_112243_cdc00a90-776b-4086-9be6-31423bf896bb.png
images/style_04.jpg,https://d8j0ntlcm91z4.cloudfront.net/user_3ELPtiCxHy4a1ssI2Bvj87bkDcZ/hf_20260612_112250_88cdd2b4-4947-4c02-8e82-2141ee739e24.png
images/style_05.jpg,https://d8j0ntlcm91z4.cloudfront.net/user_3ELPtiCxHy4a1ssI2Bvj87bkDcZ/hf_20260612_112257_5325b917-6303-405e-82b6-d873bd96e107.png
images/style_06.jpg,https://d8j0ntlcm91z4.cloudfront.net/user_3ELPtiCxHy4a1ssI2Bvj87bkDcZ/hf_20260612_112302_81c06c22-c400-4c64-85aa-00efb7c561be.png
images/style_07.jpg,https://d8j0ntlcm91z4.cloudfront.net/user_3ELPtiCxHy4a1ssI2Bvj87bkDcZ/hf_20260612_112308_b3cf574c-ca4b-4dd5-adc3-4e300adffb08.png
images/style_08.jpg,https://d8j0ntlcm91z4.cloudfront.net/user_3ELPtiCxHy4a1ssI2Bvj87bkDcZ/hf_20260612_112315_b2d9665b-c039-4836-89b8-bd8dd9c5a477.png
images/style_09.jpg,https://d8j0ntlcm91z4.cloudfront.net/user_3ELPtiCxHy4a1ssI2Bvj87bkDcZ/hf_20260612_112418_0024f9c0-4a25-4f64-88fb-1bb8f692a0fb.png
images/style_10.jpg,https://d8j0ntlcm91z4.cloudfront.net/user_3ELPtiCxHy4a1ssI2Bvj87bkDcZ/hf_20260612_112425_4438add1-2471-460e-8cab-4824f3e4bbac.png
images/style_11.jpg,https://d8j0ntlcm91z4.cloudfront.net/user_3ELPtiCxHy4a1ssI2Bvj87bkDcZ/hf_20260612_112431_9a810a7e-be91-4a6c-b3f2-f7d7938430c0.png
images/style_12.jpg,https://d8j0ntlcm91z4.cloudfront.net/user_3ELPtiCxHy4a1ssI2Bvj87bkDcZ/hf_20260612_112438_2ce2ac21-7c93-494a-b374-ece336cc4bc8.png
images/style_13.jpg,https://d8j0ntlcm91z4.cloudfront.net/user_3ELPtiCxHy4a1ssI2Bvj87bkDcZ/hf_20260612_112446_62255cfd-07f0-4480-bf0a-3af7e7d449a4.png
images/style_14.jpg,https://d8j0ntlcm91z4.cloudfront.net/user_3ELPtiCxHy4a1ssI2Bvj87bkDcZ/hf_20260612_112452_a7c2b5e8-ceca-492a-80dd-449489b30827.png
images/style_15.jpg,https://d8j0ntlcm91z4.cloudfront.net/user_3ELPtiCxHy4a1ssI2Bvj87bkDcZ/hf_20260612_112459_32a11915-47fa-4339-bc64-2c776d40aef8.png
images/style_16.jpg,https://d8j0ntlcm91z4.cloudfront.net/user_3ELPtiCxHy4a1ssI2Bvj87bkDcZ/hf_20260612_112602_37ed0c78-3039-4fc0-a6bf-330034601090.png
images/style_17.jpg,https://d8j0ntlcm91z4.cloudfront.net/user_3ELPtiCxHy4a1ssI2Bvj87bkDcZ/hf_20260612_112608_2defdc24-5cb0-4bd1-b041-1e752b52c009.png
images/style_18.jpg,https://d8j0ntlcm91z4.cloudfront.net/user_3ELPtiCxHy4a1ssI2Bvj87bkDcZ/hf_20260612_112615_51bdbaf3-75ec-40c8-96d4-600680068338.png
images/style_19.jpg,https://d8j0ntlcm91z4.cloudfront.net/user_3ELPtiCxHy4a1ssI2Bvj87bkDcZ/hf_20260612_112621_a5baf1e4-658b-4957-8677-68b0095770ea.png
images/style_20.jpg,https://d8j0ntlcm91z4.cloudfront.net/user_3ELPtiCxHy4a1ssI2Bvj87bkDcZ/hf_20260612_112627_dc43a121-58ba-41eb-896c-6ddd47532fc8.png
images/style_21.jpg,https://d8j0ntlcm91z4.cloudfront.net/user_3ELPtiCxHy4a1ssI2Bvj87bkDcZ/hf_20260612_112633_b33d637f-ad15-476e-953f-24e2d3c531a1.png
images/style_22.jpg,https://d8j0ntlcm91z4.cloudfront.net/user_3ELPtiCxHy4a1ssI2Bvj87bkDcZ/hf_20260612_112640_d3b9db95-f390-43cd-ba07-8d5de5074e36.png
images/style_23.jpg,https://d8j0ntlcm91z4.cloudfront.net/user_3ELPtiCxHy4a1ssI2Bvj87bkDcZ/hf_20260612_112743_72bc39a6-ba5b-4813-af8e-36210765da54.png
images/style_24.jpg,https://d8j0ntlcm91z4.cloudfront.net/user_3ELPtiCxHy4a1ssI2Bvj87bkDcZ/hf_20260612_112750_36e64221-5360-4cb1-a0f6-b9726c1ba2d2.png
images/style_25.jpg,https://d8j0ntlcm91z4.cloudfront.net/user_3ELPtiCxHy4a1ssI2Bvj87bkDcZ/hf_20260612_112757_68c0df4c-1bbd-42e5-a365-d9ca4c3702e4.png
images/style_26.jpg,https://d8j0ntlcm91z4.cloudfront.net/user_3ELPtiCxHy4a1ssI2Bvj87bkDcZ/hf_20260612_112803_d5c5c3bd-17fa-4966-a20e-7ddf50cab35e.png
images/style_27.jpg,https://d8j0ntlcm91z4.cloudfront.net/user_3ELPtiCxHy4a1ssI2Bvj87bkDcZ/hf_20260612_112809_75361ac0-768d-4645-b797-055a5c8ad3a5.png
images/style_28.jpg,https://d8j0ntlcm91z4.cloudfront.net/user_3ELPtiCxHy4a1ssI2Bvj87bkDcZ/hf_20260612_112816_c2082a1b-f79d-40e3-b702-8006798890b9.png
images/style_29.jpg,https://d8j0ntlcm91z4.cloudfront.net/user_3ELPtiCxHy4a1ssI2Bvj87bkDcZ/hf_20260612_112917_1ff37022-0f45-47ea-8ab2-6daeff27b3c4.png
images/style_30.jpg,https://d8j0ntlcm91z4.cloudfront.net/user_3ELPtiCxHy4a1ssI2Bvj87bkDcZ/hf_20260612_112923_b346799e-5b63-4592-ac4a-e1e08a2ba294.png
images/style_31.jpg,https://d8j0ntlcm91z4.cloudfront.net/user_3ELPtiCxHy4a1ssI2Bvj87bkDcZ/hf_20260612_112929_9b1437c0-152a-4ec2-997a-67104a5bda9b.png
images/style_32.jpg,https://d8j0ntlcm91z4.cloudfront.net/user_3ELPtiCxHy4a1ssI2Bvj87bkDcZ/hf_20260612_112937_6e10fb28-ca26-41ec-a3e9-c8d72b6424c1.png
images/style_33.jpg,https://d8j0ntlcm91z4.cloudfront.net/user_3ELPtiCxHy4a1ssI2Bvj87bkDcZ/hf_20260612_113100_c5683653-af8a-40dd-b987-6c0e542762c4.png
images/style_34.jpg,https://d8j0ntlcm91z4.cloudfront.net/user_3ELPtiCxHy4a1ssI2Bvj87bkDcZ/hf_20260612_113106_636d34d2-2536-4c47-9aae-a011343a500d.png
images/style_35.jpg,https://d8j0ntlcm91z4.cloudfront.net/user_3ELPtiCxHy4a1ssI2Bvj87bkDcZ/hf_20260612_112943_01614c41-d385-43b6-b474-84c670b51b56.png
images/style_36.jpg,https://d8j0ntlcm91z4.cloudfront.net/user_3ELPtiCxHy4a1ssI2Bvj87bkDcZ/hf_20260612_113112_f68ca4a7-16c4-4e46-9a4a-fa18cd030c96.png
images/style_37.jpg,https://d8j0ntlcm91z4.cloudfront.net/user_3ELPtiCxHy4a1ssI2Bvj87bkDcZ/hf_20260612_113119_d92ac614-7bd8-47a2-87f1-5c17ac1fe800.png
images/style_38.jpg,https://d8j0ntlcm91z4.cloudfront.net/user_3ELPtiCxHy4a1ssI2Bvj87bkDcZ/hf_20260612_113125_2b72f658-f278-4232-8fd7-6e697ed044ad.png
images/style_39.jpg,https://d8j0ntlcm91z4.cloudfront.net/user_3ELPtiCxHy4a1ssI2Bvj87bkDcZ/hf_20260612_113132_cda846ff-aeca-4757-b01d-668831faeb64.png
images/style_40.jpg,https://d8j0ntlcm91z4.cloudfront.net/user_3ELPtiCxHy4a1ssI2Bvj87bkDcZ/hf_20260612_113139_2109b507-e2b1-4706-938d-89f4687dd4eb.png
videos/dollyin.mp4,https://d8j0ntlcm91z4.cloudfront.net/user_3ELPtiCxHy4a1ssI2Bvj87bkDcZ/hf_20260612_110752_1799b8aa-99d2-4e0b-99c7-fa85e9130a4e.mp4
videos/dollyout.mp4,https://d8j0ntlcm91z4.cloudfront.net/user_3ELPtiCxHy4a1ssI2Bvj87bkDcZ/hf_20260612_110801_86cb405f-37a5-4d82-ad54-247ecfa3bd49.mp4
videos/pan.mp4,https://d8j0ntlcm91z4.cloudfront.net/user_3ELPtiCxHy4a1ssI2Bvj87bkDcZ/hf_20260612_110807_8fffc4a2-1a58-49ed-b435-f87cd51b04f3.mp4
videos/tilt.mp4,https://d8j0ntlcm91z4.cloudfront.net/user_3ELPtiCxHy4a1ssI2Bvj87bkDcZ/hf_20260612_110814_77c54ddb-c280-40b5-9aea-0a5128c5a9db.mp4
videos/orbit.mp4,https://d8j0ntlcm91z4.cloudfront.net/user_3ELPtiCxHy4a1ssI2Bvj87bkDcZ/hf_20260612_110821_6086fcb9-bc4b-4ae7-bbf2-80018a4e8ec0.mp4
videos/track.mp4,https://d8j0ntlcm91z4.cloudfront.net/user_3ELPtiCxHy4a1ssI2Bvj87bkDcZ/hf_20260612_110829_79af8920-b787-4f93-9647-58f0e2cb5725.mp4
videos/hand.mp4,https://d8j0ntlcm91z4.cloudfront.net/user_3ELPtiCxHy4a1ssI2Bvj87bkDcZ/hf_20260612_110835_299e67db-75c5-444c-8fc2-fcb37e1a970f.mp4
videos/zoom.mp4,https://d8j0ntlcm91z4.cloudfront.net/user_3ELPtiCxHy4a1ssI2Bvj87bkDcZ/hf_20260612_110841_be98c882-6407-470b-9ae2-e2dbee5bee21.mp4
videos/whip.mp4,https://d8j0ntlcm91z4.cloudfront.net/user_3ELPtiCxHy4a1ssI2Bvj87bkDcZ/hf_20260612_111420_a5b58790-0c09-4060-a943-c7b724ceaadc.mp4
videos/drone.mp4,https://d8j0ntlcm91z4.cloudfront.net/user_3ELPtiCxHy4a1ssI2Bvj87bkDcZ/hf_20260612_111426_dda9b36b-1b04-4584-93fc-5a1232df5d9c.mp4
videos/walk.mp4,https://d8j0ntlcm91z4.cloudfront.net/user_3ELPtiCxHy4a1ssI2Bvj87bkDcZ/hf_20260612_111433_c91005bd-195b-42d9-b304-09f86abb5efd.mp4
videos/turn.mp4,https://d8j0ntlcm91z4.cloudfront.net/user_3ELPtiCxHy4a1ssI2Bvj87bkDcZ/hf_20260612_111439_ef94bd60-18e4-4215-8a90-74b404e00d2d.mp4
videos/raise.mp4,https://d8j0ntlcm91z4.cloudfront.net/user_3ELPtiCxHy4a1ssI2Bvj87bkDcZ/hf_20260612_111446_302a873b-b5b8-464d-b927-3de771de80f2.mp4
videos/lean.mp4,https://d8j0ntlcm91z4.cloudfront.net/user_3ELPtiCxHy4a1ssI2Bvj87bkDcZ/hf_20260612_111452_768bc121-b3d6-4150-b0d7-556c3e36a77d.mp4
